filtrada_sen[0], -2,
filtrada_sen[1], -6,
filtrada_sen[2], -2,
filtrada_sen[3], 0,
filtrada_sen[4], -6,
filtrada_sen[5], -5,
filtrada_sen[6], 0,
filtrada_sen[7], -3,
filtrada_sen[8], -7,
filtrada_sen[9], -1,
filtrada_sen[10], 0,
filtrada_sen[11], -8,
filtrada_sen[12], -4,
filtrada_sen[13], 3,
filtrada_sen[14], -6,
filtrada_sen[15], -8,
filtrada_sen[16], 3,
filtrada_sen[17], -1,
filtrada_sen[18], -11,
filtrada_sen[19], -1,
filtrada_sen[20], 4,
filtrada_sen[21], -10,
filtrada_sen[22], -7,
filtrada_sen[23], 7,
filtrada_sen[24], -5,
filtrada_sen[25], -12,
filtrada_sen[26], 4,
filtrada_sen[27], 2,
filtrada_sen[28], -13,
filtrada_sen[29], -3,
filtrada_sen[30], 8,
filtrada_sen[31], -9,
filtrada_sen[32], -11,
filtrada_sen[33], 8,
filtrada_sen[34], -2,
filtrada_sen[35], -15,
filtrada_sen[36], 2,
filtrada_sen[37], 5,
filtrada_sen[38], -13,
filtrada_sen[39], -6,
filtrada_sen[40], 8,
filtrada_sen[41], -6,
filtrada_sen[42], -13,
filtrada_sen[43], 5,
filtrada_sen[44], 1,
filtrada_sen[45], -13,
filtrada_sen[46], -2,
filtrada_sen[47], 6,
filtrada_sen[48], -9,
filtrada_sen[49], -8,
filtrada_sen[50], 5,
filtrada_sen[51], -3,
filtrada_sen[52], -11,
filtrada_sen[53], 1,
filtrada_sen[54], 2,
filtrada_sen[55], -9,
filtrada_sen[56], -4,
filtrada_sen[57], 2,
filtrada_sen[58], -5,
filtrada_sen[59], -7,
filtrada_sen[60], 0,
filtrada_sen[61], -1,
filtrada_sen[62], -7,
filtrada_sen[63], -3,
filtrada_sen[64], 0,
filtrada_sen[65], -5,
filtrada_sen[66], -4,
filtrada_sen[67], -1,
filtrada_sen[68], -3,
filtrada_sen[69], -4,
filtrada_sen[70], -2,
filtrada_sen[71], -2,
filtrada_sen[72], -4,
filtrada_sen[73], -3,
filtrada_sen[74], -2,
filtrada_sen[75], -4,
filtrada_sen[76], -3,
filtrada_sen[77], -3,
filtrada_sen[78], -3,
filtrada_sen[79], -3,
filtrada_sen[80], -3,
filtrada_sen[81], -3,
filtrada_sen[82], -3,
filtrada_sen[83], -3,
filtrada_sen[84], -3,
filtrada_sen[85], -3,
filtrada_sen[86], -3,
filtrada_sen[87], -4,
filtrada_sen[88], -2,
filtrada_sen[89], -3,
filtrada_sen[90], -4,
filtrada_sen[91], -3,
filtrada_sen[92], -2,
filtrada_sen[93], -5,
filtrada_sen[94], -4,
filtrada_sen[95], -1,
filtrada_sen[96], -4,
filtrada_sen[97], -5,
filtrada_sen[98], -1,
filtrada_sen[99], -2,
filtrada_sen[100], -6,
filtrada_sen[101], -3,
filtrada_sen[102], 0,
filtrada_sen[103], -5,
filtrada_sen[104], -6,
filtrada_sen[105], 1,
filtrada_sen[106], -3,
filtrada_sen[107], -8,
filtrada_sen[108], -1,
filtrada_sen[109], 1,
filtrada_sen[110], -7,
filtrada_sen[111], -5,
filtrada_sen[112], 2,
filtrada_sen[113], -4,
filtrada_sen[114], -8,
filtrada_sen[115], 1,
filtrada_sen[116], 0,
filtrada_sen[117], -9,
filtrada_sen[118], -3,
filtrada_sen[119], 3,
filtrada_sen[120], -6,
filtrada_sen[121], -7,
filtrada_sen[122], 2,
filtrada_sen[123], -1,
filtrada_sen[124], -9,
filtrada_sen[125], -2,
filtrada_sen[126], 2,
filtrada_sen[127], -7,
filtrada_sen[128], -6,
filtrada_sen[129], 2,
filtrada_sen[130], -3,
filtrada_sen[131], -8,
filtrada_sen[132], -1,
filtrada_sen[133], 0,
filtrada_sen[134], -7,
filtrada_sen[135], -4,
filtrada_sen[136], 0,
filtrada_sen[137], -4,
filtrada_sen[138], -6,
filtrada_sen[139], -1,
filtrada_sen[140], -2,
filtrada_sen[141], -6,
filtrada_sen[142], -3,
filtrada_sen[143], -1,
filtrada_sen[144], -4,
filtrada_sen[145], -4,
filtrada_sen[146], -2,
filtrada_sen[147], -3,
filtrada_sen[148], -4,
filtrada_sen[149], -3,
filtrada_sen[150], -2,
filtrada_sen[151], -4,
filtrada_sen[152], -3,
filtrada_sen[153], -2,
filtrada_sen[154], -3,
filtrada_sen[155], -3,
filtrada_sen[156], -3,
filtrada_sen[157], -3,
filtrada_sen[158], -3,
filtrada_sen[159], -3,
filtrada_sen[160], -3,
filtrada_sen[161], -3,
filtrada_sen[162], -3,
filtrada_sen[163], -3,
filtrada_sen[164], -3,
filtrada_sen[165], -3,
filtrada_sen[166], -3,
filtrada_sen[167], -3,
filtrada_sen[168], -3,
filtrada_sen[169], -3,
filtrada_sen[170], -3,
filtrada_sen[171], -3,
filtrada_sen[172], -3,
filtrada_sen[173], -3,
filtrada_sen[174], -3,
filtrada_sen[175], -3,
filtrada_sen[176], -3,
filtrada_sen[177], -3,
filtrada_sen[178], -3,
filtrada_sen[179], -3,
filtrada_sen[180], -3,
filtrada_sen[181], -3,
filtrada_sen[182], -3,
filtrada_sen[183], -3,
filtrada_sen[184], -3,
filtrada_sen[185], -3,
filtrada_sen[186], -3,
filtrada_sen[187], -3,
filtrada_sen[188], -3,
filtrada_sen[189], -3,
filtrada_sen[190], -3,
filtrada_sen[191], -3,
filtrada_sen[192], -3,
filtrada_sen[193], -3,
filtrada_sen[194], -3,
filtrada_sen[195], -3,
filtrada_sen[196], -3,
filtrada_sen[197], -3,
filtrada_sen[198], -3,
filtrada_sen[199], -3,
filtrada_sen[200], -4,
filtrada_sen[201], -3,
filtrada_sen[202], -3,
filtrada_sen[203], -4,
filtrada_sen[204], -3,
filtrada_sen[205], -3,
filtrada_sen[206], -3,
filtrada_sen[207], -3,
filtrada_sen[208], -3,
filtrada_sen[209], -3,
filtrada_sen[210], -4,
filtrada_sen[211], -3,
filtrada_sen[212], -2,
filtrada_sen[213], -4,
filtrada_sen[214], -3,
filtrada_sen[215], -2,
filtrada_sen[216], -3,
filtrada_sen[217], -3,
filtrada_sen[218], -3,
filtrada_sen[219], -3,
filtrada_sen[220], -3,
filtrada_sen[221], -3,
filtrada_sen[222], -2,
filtrada_sen[223], -3,
filtrada_sen[224], -4,
filtrada_sen[225], -2,
filtrada_sen[226], -3,
filtrada_sen[227], -3,
filtrada_sen[228], -3,
filtrada_sen[229], -3,
filtrada_sen[230], -3,
filtrada_sen[231], -4,
filtrada_sen[232], -3,
filtrada_sen[233], -3,
filtrada_sen[234], -4,
filtrada_sen[235], -3,
filtrada_sen[236], -3,
filtrada_sen[237], -3,
filtrada_sen[238], -3,
filtrada_sen[239], -3,
filtrada_sen[240], -3,
filtrada_sen[241], -3,
filtrada_sen[242], -3,
filtrada_sen[243], -3,
filtrada_sen[244], -4,
filtrada_sen[245], -3,
filtrada_sen[246], -3,
filtrada_sen[247], -4,
filtrada_sen[248], -3,
filtrada_sen[249], -3,
filtrada_sen[250], -4,
filtrada_sen[251], -3,
filtrada_sen[252], -2,
filtrada_sen[253], -3,
filtrada_sen[254], -5,
filtrada_sen[255], -2,
