filtrada_tri[0], -16,
filtrada_tri[1], 6,
filtrada_tri[2], 5,
filtrada_tri[3], -16,
filtrada_tri[4], -4,
filtrada_tri[5], 10,
filtrada_tri[6], -9,
filtrada_tri[7], -13,
filtrada_tri[8], 8,
filtrada_tri[9], 1,
filtrada_tri[10], -16,
filtrada_tri[11], 0,
filtrada_tri[12], 8,
filtrada_tri[13], -12,
filtrada_tri[14], -9,
filtrada_tri[15], 8,
filtrada_tri[16], -3,
filtrada_tri[17], -14,
filtrada_tri[18], 2,
filtrada_tri[19], 5,
filtrada_tri[20], -12,
filtrada_tri[21], -6,
filtrada_tri[22], 6,
filtrada_tri[23], -5,
filtrada_tri[24], -10,
filtrada_tri[25], 2,
filtrada_tri[26], 1,
filtrada_tri[27], -10,
filtrada_tri[28], -3,
filtrada_tri[29], 2,
filtrada_tri[30], -6,
filtrada_tri[31], -6,
filtrada_tri[32], 0,
filtrada_tri[33], -2,
filtrada_tri[34], -6,
filtrada_tri[35], -2,
filtrada_tri[36], -2,
filtrada_tri[37], -4,
filtrada_tri[38], -3,
filtrada_tri[39], -4,
filtrada_tri[40], -4,
filtrada_tri[41], -1,
filtrada_tri[42], -3,
filtrada_tri[43], -6,
filtrada_tri[44], -1,
filtrada_tri[45], 0,
filtrada_tri[46], -8,
filtrada_tri[47], -4,
filtrada_tri[48], 3,
filtrada_tri[49], -5,
filtrada_tri[50], -9,
filtrada_tri[51], 2,
filtrada_tri[52], 1,
filtrada_tri[53], -11,
filtrada_tri[54], -3,
filtrada_tri[55], 6,
filtrada_tri[56], -8,
filtrada_tri[57], -10,
filtrada_tri[58], 6,
filtrada_tri[59], 0,
filtrada_tri[60], -14,
filtrada_tri[61], -1,
filtrada_tri[62], 6,
filtrada_tri[63], -10,
filtrada_tri[64], -9,
filtrada_tri[65], 7,
filtrada_tri[66], -2,
filtrada_tri[67], -15,
filtrada_tri[68], 2,
filtrada_tri[69], 6,
filtrada_tri[70], -13,
filtrada_tri[71], -8,
filtrada_tri[72], 9,
filtrada_tri[73], -5,
filtrada_tri[74], -14,
filtrada_tri[75], 5,
filtrada_tri[76], 4,
filtrada_tri[77], -14,
filtrada_tri[78], -4,
filtrada_tri[79], 9,
filtrada_tri[80], -8,
filtrada_tri[81], -12,
filtrada_tri[82], 7,
filtrada_tri[83], 0,
filtrada_tri[84], -14,
filtrada_tri[85], -1,
filtrada_tri[86], 7,
filtrada_tri[87], -11,
filtrada_tri[88], -9,
filtrada_tri[89], 8,
filtrada_tri[90], -3,
filtrada_tri[91], -14,
filtrada_tri[92], 2,
filtrada_tri[93], 5,
filtrada_tri[94], -13,
filtrada_tri[95], -7,
filtrada_tri[96], 8,
filtrada_tri[97], -5,
filtrada_tri[98], -13,
filtrada_tri[99], 4,
filtrada_tri[100], 3,
filtrada_tri[101], -14,
filtrada_tri[102], -4,
filtrada_tri[103], 8,
filtrada_tri[104], -8,
filtrada_tri[105], -12,
filtrada_tri[106], 6,
filtrada_tri[107], 1,
filtrada_tri[108], -14,
filtrada_tri[109], -1,
filtrada_tri[110], 7,
filtrada_tri[111], -11,
filtrada_tri[112], -10,
filtrada_tri[113], 8,
filtrada_tri[114], -2,
filtrada_tri[115], -14,
filtrada_tri[116], 2,
filtrada_tri[117], 6,
filtrada_tri[118], -13,
filtrada_tri[119], -7,
filtrada_tri[120], 8,
filtrada_tri[121], -6,
filtrada_tri[122], -13,
filtrada_tri[123], 5,
filtrada_tri[124], 3,
filtrada_tri[125], -14,
filtrada_tri[126], -3,
filtrada_tri[127], 8,
filtrada_tri[128], -9,
filtrada_tri[129], -10,
filtrada_tri[130], 7,
filtrada_tri[131], -1,
filtrada_tri[132], -14,
filtrada_tri[133], 0,
filtrada_tri[134], 6,
filtrada_tri[135], -11,
filtrada_tri[136], -8,
filtrada_tri[137], 7,
filtrada_tri[138], -4,
filtrada_tri[139], -13,
filtrada_tri[140], 3,
filtrada_tri[141], 4,
filtrada_tri[142], -12,
filtrada_tri[143], -5,
filtrada_tri[144], 7,
filtrada_tri[145], -6,
filtrada_tri[146], -12,
filtrada_tri[147], 5,
filtrada_tri[148], 2,
filtrada_tri[149], -13,
filtrada_tri[150], -3,
filtrada_tri[151], 7,
filtrada_tri[152], -9,
filtrada_tri[153], -10,
filtrada_tri[154], 6,
filtrada_tri[155], -1,
filtrada_tri[156], -13,
filtrada_tri[157], 0,
filtrada_tri[158], 6,
filtrada_tri[159], -11,
filtrada_tri[160], -8,
filtrada_tri[161], 7,
filtrada_tri[162], -4,
filtrada_tri[163], -13,
filtrada_tri[164], 3,
filtrada_tri[165], 3,
filtrada_tri[166], -12,
filtrada_tri[167], -5,
filtrada_tri[168], 7,
filtrada_tri[169], -7,
filtrada_tri[170], -11,
filtrada_tri[171], 4,
filtrada_tri[172], 0,
filtrada_tri[173], -12,
filtrada_tri[174], -2,
filtrada_tri[175], 4,
filtrada_tri[176], -7,
filtrada_tri[177], -7,
filtrada_tri[178], 3,
filtrada_tri[179], -2,
filtrada_tri[180], -8,
filtrada_tri[181], -2,
filtrada_tri[182], 1,
filtrada_tri[183], -5,
filtrada_tri[184], -5,
filtrada_tri[185], -1,
filtrada_tri[186], -2,
filtrada_tri[187], -4,
filtrada_tri[188], -5,
filtrada_tri[189], -2,
filtrada_tri[190], -1,
filtrada_tri[191], -6,
filtrada_tri[192], -6,
filtrada_tri[193], 1,
filtrada_tri[194], -2,
filtrada_tri[195], -10,
filtrada_tri[196], -2,
filtrada_tri[197], 4,
filtrada_tri[198], -8,
filtrada_tri[199], -9,
filtrada_tri[200], 6,
filtrada_tri[201], -1,
filtrada_tri[202], -14,
filtrada_tri[203], 1,
filtrada_tri[204], 7,
filtrada_tri[205], -13,
filtrada_tri[206], -9,
filtrada_tri[207], 10,
filtrada_tri[208], -3,
filtrada_tri[209], -17,
filtrada_tri[210], 4,
filtrada_tri[211], 7,
filtrada_tri[212], -16,
filtrada_tri[213], -7,
filtrada_tri[214], 12,
filtrada_tri[215], -6,
filtrada_tri[216], -17,
filtrada_tri[217], 7,
filtrada_tri[218], 6,
filtrada_tri[219], -18,
filtrada_tri[220], -5,
filtrada_tri[221], 12,
filtrada_tri[222], -9,
filtrada_tri[223], -16,
filtrada_tri[224], 9,
filtrada_tri[225], 3,
filtrada_tri[226], -18,
filtrada_tri[227], -1,
filtrada_tri[228], 11,
filtrada_tri[229], -12,
filtrada_tri[230], -13,
filtrada_tri[231], 11,
filtrada_tri[232], -1,
filtrada_tri[233], -18,
filtrada_tri[234], 2,
filtrada_tri[235], 9,
filtrada_tri[236], -14,
filtrada_tri[237], -9,
filtrada_tri[238], 11,
filtrada_tri[239], -4,
filtrada_tri[240], -17,
filtrada_tri[241], 5,
filtrada_tri[242], 6,
filtrada_tri[243], -16,
filtrada_tri[244], -6,
filtrada_tri[245], 11,
filtrada_tri[246], -8,
filtrada_tri[247], -15,
filtrada_tri[248], 8,
filtrada_tri[249], 3,
filtrada_tri[250], -17,
filtrada_tri[251], -2,
filtrada_tri[252], 11,
filtrada_tri[253], -11,
filtrada_tri[254], -13,
filtrada_tri[255], 9,
