filtrada_sen[0], -172095262,
filtrada_sen[1], 187694089,
filtrada_sen[2], -168690007,
filtrada_sen[3], 119604578,
filtrada_sen[4], -60033052,
filtrada_sen[5], -5895901,
filtrada_sen[6], 67172154,
filtrada_sen[7], -115603744,
filtrada_sen[8], 146537433,
filtrada_sen[9], -154599318,
filtrada_sen[10], 129106821,
filtrada_sen[11], -80086864,
filtrada_sen[12], 2427238,
filtrada_sen[13], 73332244,
filtrada_sen[14], -141752341,
filtrada_sen[15], 174062586,
filtrada_sen[16], -163119386,
filtrada_sen[17], 111543764,
filtrada_sen[18], -29559117,
filtrada_sen[19], -57669165,
filtrada_sen[20], 122222616,
filtrada_sen[21], -149290070,
filtrada_sen[22], 127861054,
filtrada_sen[23], -73729333,
filtrada_sen[24], -522496,
filtrada_sen[25], 55966119,
filtrada_sen[26], -87293046,
filtrada_sen[27], 74579908,
filtrada_sen[28], -38208201,
filtrada_sen[29], -9763910,
filtrada_sen[30], 46922971,
filtrada_sen[31], -60292947,
filtrada_sen[32], 39780814,
filtrada_sen[33], -590734,
filtrada_sen[34], -44760118,
filtrada_sen[35], 72678777,
filtrada_sen[36], -78512146,
filtrada_sen[37], 53609159,
filtrada_sen[38], -11404504,
filtrada_sen[39], -40172248,
filtrada_sen[40], 74972136,
filtrada_sen[41], -91618921,
filtrada_sen[42], 76677444,
filtrada_sen[43], -43844591,
filtrada_sen[44], -9763491,
filtrada_sen[45], 55900883,
filtrada_sen[46], -87751903,
filtrada_sen[47], 87883729,
filtrada_sen[48], -56886017,
filtrada_sen[49], 2426086,
filtrada_sen[50], 49019675,
filtrada_sen[51], -81067279,
filtrada_sen[52], 74907718,
filtrada_sen[53], -36701057,
filtrada_sen[54], -25230090,
filtrada_sen[55], 76872609,
filtrada_sen[56], -98041576,
filtrada_sen[57], 67895989,
filtrada_sen[58], -4720138,
filtrada_sen[59], -75102563,
filtrada_sen[60], 125893618,
filtrada_sen[61], -125960385,
filtrada_sen[62], 67700220,
filtrada_sen[63], 26867398,
filtrada_sen[64], -125040476,
filtrada_sen[65], 174062490,
filtrada_sen[66], -160301621,
filtrada_sen[67], 75171869,
filtrada_sen[68], 40760505,
filtrada_sen[69], -143324782,
filtrada_sen[70], 183630709,
filtrada_sen[71], -154075754,
filtrada_sen[72], 65079223,
filtrada_sen[73], 36238937,
filtrada_sen[74], -114030713,
filtrada_sen[75], 132447580,
filtrada_sen[76], -89064182,
filtrada_sen[77], 4523634,
filtrada_sen[78], 78444926,
filtrada_sen[79], -123010344,
filtrada_sen[80], 99353181,
filtrada_sen[81], -24971026,
filtrada_sen[82], -72939307,
filtrada_sen[83], 153221348,
filtrada_sen[84], -189660730,
filtrada_sen[85], 152110259,
filtrada_sen[86], -64031341,
filtrada_sen[87], -56357690,
filtrada_sen[88], 163312747,
filtrada_sen[89], -226818452,
filtrada_sen[90], 222757012,
filtrada_sen[91], -157353908,
filtrada_sen[92], 41749670,
filtrada_sen[93], 83423726,
filtrada_sen[94], -185267410,
filtrada_sen[95], 226949876,
filtrada_sen[96], -203358937,
filtrada_sen[97], 106957225,
filtrada_sen[98], 24572535,
filtrada_sen[99], -155251551,
filtrada_sen[100], 235075765,
filtrada_sen[101], -235733329,
filtrada_sen[102], 142870983,
filtrada_sen[103], 6746204,
filtrada_sen[104], -174649335,
filtrada_sen[105], 292287823,
filtrada_sen[106], -317849347,
filtrada_sen[107], 236325345,
filtrada_sen[108], -67900065,
filtrada_sen[109], -136440448,
filtrada_sen[110], 305786392,
filtrada_sen[111], -390002700,
filtrada_sen[112], 348456129,
filtrada_sen[113], -205721707,
filtrada_sen[114], -5630238,
filtrada_sen[115], 204859743,
filtrada_sen[116], -343273559,
filtrada_sen[117], 376044372,
filtrada_sen[118], -300681044,
filtrada_sen[119], 145100907,
filtrada_sen[120], 34204580,
filtrada_sen[121], -188935592,
filtrada_sen[122], 275510352,
filtrada_sen[123], -284687726,
filtrada_sen[124], 217777604,
filtrada_sen[125], -109972413,
filtrada_sen[126], -11071971,
filtrada_sen[127], 110818044,
filtrada_sen[128], 0,
filtrada_sen[129], 0,
filtrada_sen[130], 0,
filtrada_sen[131], 0,
filtrada_sen[132], 0,
filtrada_sen[133], 0,
filtrada_sen[134], 0,
filtrada_sen[135], 0,
filtrada_sen[136], 0,
filtrada_sen[137], 0,
filtrada_sen[138], 0,
filtrada_sen[139], 0,
filtrada_sen[140], 0,
filtrada_sen[141], 0,
filtrada_sen[142], 0,
filtrada_sen[143], 0,
filtrada_sen[144], 0,
filtrada_sen[145], 0,
filtrada_sen[146], 0,
filtrada_sen[147], 0,
filtrada_sen[148], 0,
filtrada_sen[149], 0,
filtrada_sen[150], 0,
filtrada_sen[151], 0,
filtrada_sen[152], 0,
filtrada_sen[153], 0,
filtrada_sen[154], 0,
filtrada_sen[155], 0,
filtrada_sen[156], 0,
filtrada_sen[157], 0,
filtrada_sen[158], 0,
filtrada_sen[159], 0,
filtrada_sen[160], 0,
filtrada_sen[161], 0,
filtrada_sen[162], 0,
filtrada_sen[163], 0,
filtrada_sen[164], 0,
filtrada_sen[165], 0,
filtrada_sen[166], 0,
filtrada_sen[167], 0,
filtrada_sen[168], 0,
filtrada_sen[169], 0,
filtrada_sen[170], 0,
filtrada_sen[171], 0,
filtrada_sen[172], 0,
filtrada_sen[173], 0,
filtrada_sen[174], 0,
filtrada_sen[175], 0,
filtrada_sen[176], 0,
filtrada_sen[177], 0,
filtrada_sen[178], 0,
filtrada_sen[179], 0,
filtrada_sen[180], 0,
filtrada_sen[181], 0,
filtrada_sen[182], 0,
filtrada_sen[183], 0,
filtrada_sen[184], 0,
filtrada_sen[185], 0,
filtrada_sen[186], 0,
filtrada_sen[187], 0,
filtrada_sen[188], 0,
filtrada_sen[189], 0,
filtrada_sen[190], 0,
filtrada_sen[191], 0,
filtrada_sen[192], 0,
filtrada_sen[193], 0,
filtrada_sen[194], 0,
filtrada_sen[195], 0,
filtrada_sen[196], 0,
filtrada_sen[197], 0,
filtrada_sen[198], 0,
filtrada_sen[199], 0,
filtrada_sen[200], 0,
filtrada_sen[201], 0,
filtrada_sen[202], 0,
filtrada_sen[203], 0,
filtrada_sen[204], 0,
filtrada_sen[205], 0,
filtrada_sen[206], 0,
filtrada_sen[207], 0,
filtrada_sen[208], 0,
filtrada_sen[209], 0,
filtrada_sen[210], 0,
filtrada_sen[211], 0,
filtrada_sen[212], 0,
filtrada_sen[213], 0,
filtrada_sen[214], 0,
filtrada_sen[215], 0,
filtrada_sen[216], 0,
filtrada_sen[217], 0,
filtrada_sen[218], 0,
filtrada_sen[219], 0,
filtrada_sen[220], 0,
filtrada_sen[221], 0,
filtrada_sen[222], 0,
filtrada_sen[223], 0,
filtrada_sen[224], 0,
filtrada_sen[225], 0,
filtrada_sen[226], 0,
filtrada_sen[227], 0,
filtrada_sen[228], 0,
filtrada_sen[229], 0,
filtrada_sen[230], 0,
filtrada_sen[231], 0,
filtrada_sen[232], 0,
filtrada_sen[233], 0,
filtrada_sen[234], 0,
filtrada_sen[235], 0,
filtrada_sen[236], 0,
filtrada_sen[237], 0,
filtrada_sen[238], 0,
filtrada_sen[239], 0,
filtrada_sen[240], 0,
filtrada_sen[241], 0,
filtrada_sen[242], 0,
filtrada_sen[243], 0,
filtrada_sen[244], 0,
filtrada_sen[245], 0,
filtrada_sen[246], 0,
filtrada_sen[247], 0,
filtrada_sen[248], 0,
filtrada_sen[249], 0,
filtrada_sen[250], 0,
filtrada_sen[251], 0,
filtrada_sen[252], 0,
filtrada_sen[253], 0,
filtrada_sen[254], 0,
filtrada_sen[255], 0,
