senoidal[0], 2038,
senoidal[1], 2106,
senoidal[2], 1897,
senoidal[3], 2145,
senoidal[4], 1972,
senoidal[5], 2010,
senoidal[6], 2135,
senoidal[7], 1897,
senoidal[8], 2128,
senoidal[9], 1997,
senoidal[10], 1980,
senoidal[11], 2154,
senoidal[12], 1903,
senoidal[13], 2157,
senoidal[14], 1950,
senoidal[15], 2036,
senoidal[16], 2107,
senoidal[17], 1897,
senoidal[18], 2144,
senoidal[19], 1973,
senoidal[20], 2008,
senoidal[21], 2137,
senoidal[22], 1897,
senoidal[23], 2127,
senoidal[24], 1999,
senoidal[25], 1978,
senoidal[26], 2155,
senoidal[27], 1904,
senoidal[28], 2106,
senoidal[29], 2026,
senoidal[30], 1948,
senoidal[31], 2163,
senoidal[32], 1917,
senoidal[33], 2082,
senoidal[34], 2056,
senoidal[35], 1919,
senoidal[36], 2162,
senoidal[37], 1935,
senoidal[38], 2056,
senoidal[39], 2086,
senoidal[40], 1902,
senoidal[41], 2153,
senoidal[42], 1956,
senoidal[43], 2029,
senoidal[44], 2116,
senoidal[45], 1896,
senoidal[46], 2139,
senoidal[47], 1981,
senoidal[48], 2000,
senoidal[49], 2144,
senoidal[50], 1898,
senoidal[51], 2122,
senoidal[52], 2007,
senoidal[53], 1970,
senoidal[54], 2158,
senoidal[55], 1907,
senoidal[56], 2100,
senoidal[57], 2035,
senoidal[58], 1939,
senoidal[59], 2163,
senoidal[60], 1922,
senoidal[61], 2075,
senoidal[62], 2064,
senoidal[63], 1913,
senoidal[64], 2160,
senoidal[65], 1941,
senoidal[66], 2048,
senoidal[67], 2094,
senoidal[68], 1899,
senoidal[69], 2150,
senoidal[70], 1963,
senoidal[71], 2020,
senoidal[72], -9317,
senoidal[73], 1896,
senoidal[74], -14804,
senoidal[75], 1988,
senoidal[76], 0,
senoidal[77], 2043,
senoidal[78], 0,
senoidal[79], 2163,
senoidal[80], 1927,
senoidal[81], 2067,
senoidal[82], 2073,
senoidal[83], 1908,
senoidal[84], 2157,
senoidal[85], 1947,
senoidal[86], 2040,
senoidal[87], 2103,
senoidal[88], 1897,
senoidal[89], 2146,
senoidal[90], 1970,
senoidal[91], 2011,
senoidal[92], 2134,
senoidal[93], 1896,
senoidal[94], 2129,
senoidal[95], 1995,
senoidal[96], 1982,
senoidal[97], 2154,
senoidal[98], 1903,
senoidal[99], 2109,
senoidal[100], 2023,
senoidal[101], 1952,
senoidal[102], 2162,
senoidal[103], 1915,
senoidal[104], 2085,
senoidal[105], 2052,
senoidal[106], 1922,
senoidal[107], 2162,
senoidal[108], 1933,
senoidal[109], 2059,
senoidal[110], 2082,
senoidal[111], 1903,
senoidal[112], 2155,
senoidal[113], 1954,
senoidal[114], 2032,
senoidal[115], 2113,
senoidal[116], 1896,
senoidal[117], 2141,
senoidal[118], 1978,
senoidal[119], 2003,
senoidal[120], 2141,
senoidal[121], 1898,
senoidal[122], 2124,
senoidal[123], 2004,
senoidal[124], 1973,
senoidal[125], 2157,
senoidal[126], 1906,
senoidal[127], 2102,
senoidal[128], 2032,
senoidal[129], 1942,
senoidal[130], 2163,
senoidal[131], 1920,
senoidal[132], 2078,
senoidal[133], 2061,
senoidal[134], 1915,
senoidal[135], 2161,
senoidal[136], 1939,
senoidal[137], 2052,
senoidal[138], 2091,
senoidal[139], 1900,
senoidal[140], 2152,
senoidal[141], 1960,
senoidal[142], 2023,
senoidal[143], 2122,
senoidal[144], 1896,
senoidal[145], 2137,
senoidal[146], 1985,
senoidal[147], 1994,
senoidal[148], 2147,
senoidal[149], 1900,
senoidal[150], 2118,
senoidal[151], 2012,
senoidal[152], 1964,
senoidal[153], 2160,
senoidal[154], 1910,
senoidal[155], 2095,
senoidal[156], 2040,
senoidal[157], 2044,
senoidal[158], 2044,
senoidal[159], 2100,
senoidal[160], 1898,
senoidal[161], 2148,
senoidal[162], 1967,
senoidal[163], 2014,
senoidal[164], 2131,
senoidal[165], 1896,
senoidal[166], 2131,
senoidal[167], 1992,
senoidal[168], 1986,
senoidal[169], 2152,
senoidal[170], 1902,
senoidal[171], 2112,
senoidal[172], 2020,
senoidal[173], 1955,
senoidal[174], 2162,
senoidal[175], 1914,
senoidal[176], 2088,
senoidal[177], 2049,
senoidal[178], 1925,
senoidal[179], 2163,
senoidal[180], 1930,
senoidal[181], 2063,
senoidal[182], 2079,
senoidal[183], 1905,
senoidal[184], 2156,
senoidal[185], 1951,
senoidal[186], 2035,
senoidal[187], 2109,
senoidal[188], 1897,
senoidal[189], 2143,
senoidal[190], 1975,
senoidal[191], 2006,
senoidal[192], 2138,
senoidal[193], 1897,
senoidal[194], 2126,
senoidal[195], 2001,
senoidal[196], 1977,
senoidal[197], 2156,
senoidal[198], 1905,
senoidal[199], 2105,
senoidal[200], 2029,
senoidal[201], 1946,
senoidal[202], 2163,
senoidal[203], 1918,
senoidal[204], 2081,
senoidal[205], 2057,
senoidal[206], 1917,
senoidal[207], 2161,
senoidal[208], 1936,
senoidal[209], 2055,
senoidal[210], 2087,
senoidal[211], 1901,
senoidal[212], 2153,
senoidal[213], 1958,
senoidal[214], 2027,
senoidal[215], 2118,
senoidal[216], 1896,
senoidal[217], 2139,
senoidal[218], 1982,
senoidal[219], 1997,
senoidal[220], 2145,
senoidal[221], 1899,
senoidal[222], 2120,
senoidal[223], 2009,
senoidal[224], 1967,
senoidal[225], 2159,
senoidal[226], 1908,
senoidal[227], 2098,
senoidal[228], 2036,
senoidal[229], 1937,
senoidal[230], 2164,
senoidal[231], 1923,
senoidal[232], 2074,
senoidal[233], 2066,
senoidal[234], 1912,
senoidal[235], 2159,
senoidal[236], 1942,
senoidal[237], 2046,
senoidal[238], 1990,
senoidal[239], 1989,
senoidal[240], 2150,
senoidal[241], 1901,
senoidal[242], 2114,
senoidal[243], 2017,
senoidal[244], 1959,
senoidal[245], 2161,
senoidal[246], 1912,
senoidal[247], 2091,
senoidal[248], 2045,
senoidal[249], 1928,
senoidal[250], 2163,
senoidal[251], 1928,
senoidal[252], 2066,
senoidal[253], 2075,
senoidal[254], 1906,
senoidal[255], 2157,
