triangular[0], 2112,
triangular[1], 2022,
triangular[2], 1955,
triangular[3], 1915,
triangular[4], 2088,
triangular[5], 2050,
triangular[6], 1925,
triangular[7], 2164,
triangular[8], 1932,
triangular[9], 2062,
triangular[10], 2080,
triangular[11], 1906,
triangular[12], 2157,
triangular[13], 1952,
triangular[14], 2111,
triangular[15], 1897,
triangular[16], 2144,
triangular[17], 1976,
triangular[18], 2006,
triangular[19], 2140,
triangular[20], 1898,
triangular[21], 2126,
triangular[22], 2002,
triangular[23], 1977,
triangular[24], 1906,
triangular[25], 2105,
triangular[26], 2030,
triangular[27], 1946,
triangular[28], 2164,
triangular[29], 1919,
triangular[30], 2081,
triangular[31], 2059,
triangular[32], 1918,
triangular[33], 2162,
triangular[34], 1938,
triangular[35], 2089,
triangular[36], 1902,
triangular[37], 2153,
triangular[38], 1959,
triangular[39], 2026,
triangular[40], 2120,
triangular[41], 1896,
triangular[42], 2139,
triangular[43], 1983,
triangular[44], 1998,
triangular[45], 2146,
triangular[46], 2121,
triangular[47], 2010,
triangular[48], 1968,
triangular[49], 2160,
triangular[50], 1909,
triangular[51], 2099,
triangular[52], 2038,
triangular[53], 1937,
triangular[54], 2164,
triangular[55], 1925,
triangular[56], 2074,
triangular[57], 1912,
triangular[58], 2160,
triangular[59], 1943,
triangular[60], 2047,
triangular[61], 2098,
triangular[62], 1899,
triangular[63], 2150,
triangular[64], 1966,
triangular[65], 2018,
triangular[66], 2129,
triangular[67], 2134,
triangular[68], 1991,
triangular[69], 1989,
triangular[70], 2152,
triangular[71], 1902,
triangular[72], 2114,
triangular[73], 2018,
triangular[74], 1959,
triangular[75], 2162,
triangular[76], 1913,
triangular[77], 2091,
triangular[78], 1929,
triangular[79], 2164,
triangular[80], 1930,
triangular[81], 2066,
triangular[82], 2076,
triangular[83], 1908,
triangular[84], 2157,
triangular[85], 1950,
triangular[86], 2038,
triangular[87], 2107,
triangular[88], 1898,
triangular[89], 1973,
triangular[90], 2010,
triangular[91], 2137,
triangular[92], 1898,
triangular[93], 2128,
triangular[94], 1999,
triangular[95], 1980,
triangular[96], 2156,
triangular[97], 1905,
triangular[98], 2108,
triangular[99], 2026,
triangular[100], 2164,
triangular[101], 1918,
triangular[102], 2084,
triangular[103], 2055,
triangular[104], 1921,
triangular[105], 2162,
triangular[106], 1935,
triangular[107], 2058,
triangular[108], 2085,
triangular[109], 1903,
triangular[110], 1957,
triangular[111], 2030,
triangular[112], 2116,
triangular[113], 1897,
triangular[114], 2141,
triangular[115], 1981,
triangular[116], 2001,
triangular[117], 2144,
triangular[118], 1899,
triangular[119], 2123,
triangular[120], 2006,
triangular[121], 2159,
triangular[122], 1908,
triangular[123], 2101,
triangular[124], 2035,
triangular[125], 1941,
triangular[126], 2164,
triangular[127], 1922,
triangular[128], 2077,
triangular[129], 2064,
triangular[130], 1914,
triangular[131], 2161,
triangular[132], 2050,
triangular[133], 2094,
triangular[134], 1901,
triangular[135], 2151,
triangular[136], 1963,
triangular[137], 2022,
triangular[138], 2125,
triangular[139], 1897,
triangular[140], 2136,
triangular[141], 1988,
triangular[142], 1993,
triangular[143], 1901,
triangular[144], 2117,
triangular[145], 2015,
triangular[146], 1963,
triangular[147], 2162,
triangular[148], 1912,
triangular[149], 2094,
triangular[150], 2043,
triangular[151], 1932,
triangular[152], 2164,
triangular[153], 2069,
triangular[154], 2073,
triangular[155], 1900,
triangular[156], 2150,
triangular[157], 1965,
triangular[158], 2020,
triangular[159], 2127,
triangular[160], 1897,
triangular[161], 2135,
triangular[162], 1989,
triangular[163], 1990,
triangular[164], 2150,
triangular[165], 1901,
triangular[166], 2016,
triangular[167], 1961,
triangular[168], 2162,
triangular[169], 1912,
triangular[170], 2093,
triangular[171], 2045,
triangular[172], 1930,
triangular[173], 2163,
triangular[174], 1929,
triangular[175], 2068,
triangular[176], 1908,
triangular[177], 2158,
triangular[178], 1949,
triangular[179], 2040,
triangular[180], 2105,
triangular[181], 1898,
triangular[182], 2146,
triangular[183], 1972,
triangular[184], 2012,
triangular[185], 2135,
triangular[186], 1898,
triangular[187], 1997,
triangular[188], 1982,
triangular[189], 2155,
triangular[190], 1904,
triangular[191], 2109,
triangular[192], 2025,
triangular[193], 1952,
triangular[194], 2164,
triangular[195], 1916,
triangular[196], 2085,
triangular[197], 2053,
triangular[198], 2163,
triangular[199], 1934,
triangular[200], 2060,
triangular[201], 2083,
triangular[202], 1904,
triangular[203], 2155,
triangular[204], 1955,
triangular[205], 2031,
triangular[206], 2114,
triangular[207], 1897,
triangular[208], 2142,
triangular[209], 2003,
triangular[210], 2143,
triangular[211], 1898,
triangular[212], 2124,
triangular[213], 2005,
triangular[214], 1973,
triangular[215], 2159,
triangular[216], 1907,
triangular[217], 2102,
triangular[218], 2033,
triangular[219], 2164,
triangular[220], 1922,
triangular[221], 2078,
triangular[222], 2062,
triangular[223], 1915,
triangular[224], 2161,
triangular[225], 1940,
triangular[226], 2052,
triangular[227], 2093,
triangular[228], 1901,
triangular[229], 2152,
triangular[230], 2024,
triangular[231], 2123,
triangular[232], 1897,
triangular[233], 2137,
triangular[234], 1986,
triangular[235], 1994,
triangular[236], 2148,
triangular[237], 1900,
triangular[238], 2118,
triangular[239], 2013,
triangular[240], 1964,
triangular[241], 1911,
triangular[242], 2096,
triangular[243], 2041,
triangular[244], 1933,
triangular[245], 2164,
triangular[246], 1926,
triangular[247], 2071,
triangular[248], 2071,
triangular[249], 1910,
triangular[250], 2159,
triangular[251], 2044,
triangular[252], 2101,
triangular[253], 1899,
triangular[254], 2148,
triangular[255], 1969,
