<?xml version="1.0" encoding="UTF-8"?>
<project-private xmlns="http://www.netbeans.org/ns/project-private/1">
    <editor-bookmarks xmlns="http://www.netbeans.org/ns/editor-bookmarks/2" lastBookmarkId="0"/>
    <open-files xmlns="http://www.netbeans.org/ns/projectui-open-files/2">
        <group>
            <file>file:/C:/Users/carlo/Documents/FILTROS_CARLOS/ProyectoBase.X/Func.c</file>
            <file>file:/C:/Users/carlo/Documents/FILTROS_CARLOS/ProyectoBase.X/Main.h</file>
            <file>file:/C:/Users/carlo/Documents/FILTROS_CARLOS/ProyectoBase.X/Config.h</file>
            <file>file:/C:/Users/carlo/Documents/FILTROS_CARLOS/ProyectoBase.X/Func.h</file>
            <file>file:/C:/Users/carlo/Documents/FILTROS_CARLOS/ProyectoBase.X/Main.c</file>
        </group>
    </open-files>
</project-private>
